<?xml version="1.0" encoding="UTF-8" standalone="yes"?>
<addon id="plugin.video.cinesync" name="[COLOR silver]CineSync[/COLOR]" version="0.0.5" provider-name="Synchronizator">
  <requires>
    <import addon="xbmc.python" version="2.1.0"/>
    <import addon="script.module.urlresolver" optional="true"/>
    <import addon="plugin.video.cine" version="1.0.60"/>
  </requires>
  <extension point="xbmc.python.pluginsource" library="cine_ui.py">
    <provides>executable</provides>
  </extension>
  <extension point="xbmc.addon.metadata">
    <platform>all</platform>
    <description>Sincronizador para añadir contenido del addon plugin.video.cine a tu librería de Kodi</description>
    <assets>
        <icon>icon.png</icon>
    </assets>
  </extension>
  <extension point="xbmc.service" library="cinesync_service.py" start="login|startup">
  </extension>
</addon>
